;Lavoura;Ano;id_estado;id_municipio;id_estado_new;Produto;Produção;Rendimento médio;Área colhida;Área plantada
0;Estimativas;202503;11;9999999;11;Algodão herbáceo (em caroço);34052.0;3800.0;8961.0;8961.0
1;Estimativas;202503;11;9999999;11;Arroz (em casca);190364.0;3654.0;52100.0;52100.0
2;Estimativas;202503;11;9999999;11;Banana (cacho);107036.0;14964.0;7153.0;7174.0
3;Estimativas;202503;11;9999999;11;Cacau (em amêndoa);8317.0;1259.0;6608.0;6618.0
4;Estimativas;202503;11;9999999;11;Café (em grão) Canephora;177380.0;3337.0;53156.0;53156.0
5;Estimativas;202503;11;9999999;11;Cana-de-açúcar;14793.0;35055.0;422.0;422.0
6;Estimativas;202503;11;9999999;11;Feijão (em grão);2687.0;1112.0;2416.0;2416.0
7;Estimativas;202503;11;9999999;11;Mandioca;312026.0;20820.0;14987.0;15150.0
8;Estimativas;202503;11;9999999;11;Milho (em grão);1020335.5;4040.0;219607.5;219607.5
9;Estimativas;202503;11;9999999;11;Soja (em grão);2419225.0;3474.0;696311.0;696321.0
10;Estimativas;202503;11;9999999;11;Tomate;3891.0;31893.0;122.0;122.0
11;Estimativas;202503;12;9999999;12;Arroz (em casca);4429.0;1224.0;3617.0;3752.0
12;Estimativas;202503;12;9999999;12;Banana (cacho);87907.0;12540.0;7010.0;7685.0
13;Estimativas;202503;12;9999999;12;Café (em grão) Canephora;4921.0;3051.0;1613.0;1734.0
14;Estimativas;202503;12;9999999;12;Cana-de-açúcar;10320.0;25930.0;398.0;418.0
15;Estimativas;202503;12;9999999;12;Feijão (em grão);2832.0;559.0;5069.0;5069.0
16;Estimativas;202503;12;9999999;12;Mandioca;511423.0;23054.0;22184.0;22284.0
17;Estimativas;202503;12;9999999;12;Milho (em grão);62313.5;3577.0;19405.5;19405.5
18;Estimativas;202503;12;9999999;12;Soja (em grão);64059.0;3459.0;18522.0;18550.0
19;Estimativas;202503;12;9999999;12;Amendoim (em casca);48.0;1200.0;40.0;40.0
20;Estimativas;202503;12;9999999;12;Laranja;5245.0;13987.0;375.0;387.0
21;Estimativas;202503;13;9999999;13;Arroz (em casca);10207.0;2746.0;3717.0;3732.0
22;Estimativas;202503;13;9999999;13;Banana (cacho);116033.0;15371.0;7549.0;7798.0
23;Estimativas;202503;13;9999999;13;Cacau (em amêndoa);573.0;511.0;1121.0;1123.0
24;Estimativas;202503;13;9999999;13;Café (em grão) Canephora;646.0;1386.0;466.0;467.0
25;Estimativas;202503;13;9999999;13;Cana-de-açúcar;259246.0;44899.0;5774.0;5777.0
26;Estimativas;202503;13;9999999;13;Feijão (em grão);367.5;1123.0;355.0;369.0
27;Estimativas;202503;13;9999999;13;Mandioca;750582.0;10620.0;70679.0;72700.0
28;Estimativas;202503;13;9999999;13;Milho (em grão);8076.0;2970.0;2719.0;2744.0
29;Estimativas;202503;13;9999999;13;Soja (em grão);34200.0;2865.0;11937.0;11937.0
30;Estimativas;202503;13;9999999;13;Tomate;641.0;14907.0;43.0;43.0
31;Estimativas;202503;13;9999999;13;Laranja;39532.0;19816.0;1995.0;2006.0
32;Estimativas;202503;14;9999999;14;Arroz (em casca);88318.0;6836.0;12920.0;12920.0
33;Estimativas;202503;14;9999999;14;Banana (cacho);68274.0;10718.0;6370.0;6370.0
34;Estimativas;202503;14;9999999;14;Cacau (em amêndoa);263.0;1012.0;260.0;260.0
35;Estimativas;202503;14;9999999;14;Cana-de-açúcar;2847.0;14984.0;190.0;190.0
36;Estimativas;202503;14;9999999;14;Feijão (em grão);549.0;727.0;755.0;755.0
37;Estimativas;202503;14;9999999;14;Mandioca;106815.0;19246.0;5550.0;5550.0
38;Estimativas;202503;14;9999999;14;Milho (em grão);63399.0;3686.0;17200.0;17200.0
39;Estimativas;202503;14;9999999;14;Soja (em grão);477646.0;3334.0;143280.0;143280.0
40;Estimativas;202503;14;9999999;14;Tomate;2855.0;19033.0;150.0;150.0
41;Estimativas;202503;14;9999999;14;Laranja;17961.0;12622.0;1423.0;1423.0
42;Estimativas;202503;15;9999999;15;Arroz (em casca);106061.0;2731.0;38832.0;38832.0
43;Estimativas;202503;15;9999999;15;Banana (cacho);427404.0;11328.0;37729.0;37729.0
44;Estimativas;202503;15;9999999;15;Cacau (em amêndoa);159770.0;975.0;163891.0;163891.0
45;Estimativas;202503;15;9999999;15;Café (em grão) Canephora;130.0;778.0;167.0;167.0
46;Estimativas;202503;15;9999999;15;Cana-de-açúcar;1242971.0;71068.0;17490.0;17490.0
47;Estimativas;202503;15;9999999;15;Feijão (em grão);6618.0;741.5;9089.5;9089.5
48;Estimativas;202503;15;9999999;15;Mandioca;4208967.0;15528.0;271053.0;271053.0
49;Estimativas;202503;15;9999999;15;Milho (em grão);870067.0;3399.0;257861.5;257861.5
50;Estimativas;202503;15;9999999;15;Soja (em grão);4025779.0;3271.0;1230639.0;1230639.0
51;Estimativas;202503;15;9999999;15;Tomate;2347.0;21935.0;107.0;107.0
52;Estimativas;202503;15;9999999;15;Amendoim (em casca);73.0;1435.5;64.0;64.0
53;Estimativas;202503;15;9999999;15;Laranja;294786.0;17417.0;16925.0;16925.0
54;Estimativas;202503;15;9999999;15;Castanha de caju;550.0;671.0;820.0;820.0
55;Estimativas;202503;15;9999999;15;Sorgo (em grão);65188.0;2837.0;22975.0;22975.0
56;Estimativas;202503;16;9999999;16;Arroz (em casca);604.0;990.0;610.0;610.0
57;Estimativas;202503;16;9999999;16;Banana (cacho);17563.0;9687.0;1813.0;1813.0
58;Estimativas;202503;16;9999999;16;Cana-de-açúcar;5250.0;23864.0;220.0;220.0
59;Estimativas;202503;16;9999999;16;Feijão (em grão);820.0;965.0;850.0;850.0
60;Estimativas;202503;16;9999999;16;Mandioca;135626.0;10076.0;13460.0;13460.0
61;Estimativas;202503;16;9999999;16;Milho (em grão);2083.0;990.0;2105.0;2105.0
62;Estimativas;202503;16;9999999;16;Soja (em grão);26860.0;2686.0;10000.0;10000.0
63;Estimativas;202503;16;9999999;16;Laranja;3182.0;6629.0;480.0;480.0
64;Estimativas;202503;17;9999999;17;Algodão herbáceo (em caroço);39916.0;3471.0;11499.0;11499.0
65;Estimativas;202503;17;9999999;17;Arroz (em casca);712031.0;5524.0;128900.0;128901.0
66;Estimativas;202503;17;9999999;17;Banana (cacho);38691.0;10150.0;3812.0;3821.0
67;Estimativas;202503;17;9999999;17;Cana-de-açúcar;2915629.0;81026.0;35984.0;35991.0
68;Estimativas;202503;17;9999999;17;Feijão (em grão);29325.0;1481.3333333333333;21741.666666666668;21744.0
69;Estimativas;202503;17;9999999;17;Mandioca;236474.0;16067.0;14718.0;15057.0
70;Estimativas;202503;17;9999999;17;Milho (em grão);1075880.0;4333.0;236943.0;237038.0
71;Estimativas;202503;17;9999999;17;Soja (em grão);4751670.0;3373.0;1408638.0;1459659.0
72;Estimativas;202503;17;9999999;17;Amendoim (em casca);2336.0;3732.0;626.0;726.0
73;Estimativas;202503;17;9999999;17;Laranja;951.0;12038.0;79.0;83.0
74;Estimativas;202503;17;9999999;17;Castanha de caju;3.0;750.0;4.0;4.0
75;Estimativas;202503;17;9999999;17;Sorgo (em grão);81920.0;2066.0;39661.0;39661.0
76;Estimativas;202503;17;9999999;17;Uva;21.0;10500.0;2.0;2.0
77;Estimativas;202503;21;9999999;21;Algodão herbáceo (em caroço);135690.0;4112.0;32996.0;32996.0
78;Estimativas;202503;21;9999999;21;Arroz (em casca);187090.0;2439.0;76701.0;76701.0
79;Estimativas;202503;21;9999999;21;Banana (cacho);77061.0;17075.0;4513.0;4513.0
80;Estimativas;202503;21;9999999;21;Cana-de-açúcar;2655814.0;58924.0;45072.0;45072.0
81;Estimativas;202503;21;9999999;21;Feijão (em grão);12683.5;591.0;20758.0;20758.0
82;Estimativas;202503;21;9999999;21;Mandioca;630313.0;12988.0;48532.0;48532.0
83;Estimativas;202503;21;9999999;21;Milho (em grão);1353339.5;4960.0;265559.0;265559.0
84;Estimativas;202503;21;9999999;21;Soja (em grão);4484225.0;3259.0;1376096.0;1376096.0
85;Estimativas;202503;21;9999999;21;Tomate;3170.0;21275.0;149.0;149.0
86;Estimativas;202503;21;9999999;21;Amendoim (em casca);162.0;1653.0;98.0;98.0
87;Estimativas;202503;21;9999999;21;Laranja;236.0;4917.0;48.0;48.0
88;Estimativas;202503;21;9999999;21;Castanha de caju;2727.0;347.0;7856.0;7856.0
89;Estimativas;202503;21;9999999;21;Sorgo (em grão);31241.0;1955.0;15977.0;15977.0
90;Estimativas;202503;22;9999999;22;Algodão herbáceo (em caroço);105207.0;3157.0;33322.0;33322.0
91;Estimativas;202503;22;9999999;22;Arroz (em casca);87750.0;1953.0;44924.0;44927.0
92;Estimativas;202503;22;9999999;22;Banana (cacho);50068.0;20905.0;2395.0;2395.0
93;Estimativas;202503;22;9999999;22;Cana-de-açúcar;1160073.0;64202.0;18069.0;18069.0
94;Estimativas;202503;22;9999999;22;Feijão (em grão);41547.5;562.5;81956.0;86266.5
95;Estimativas;202503;22;9999999;22;Mandioca;523406.0;11068.0;47291.0;47291.0
96;Estimativas;202503;22;9999999;22;Milho (em grão);1039113.5;5260.0;225211.0;231011.0
97;Estimativas;202503;22;9999999;22;Soja (em grão);4051596.0;3788.0;1069601.0;1069601.0
98;Estimativas;202503;22;9999999;22;Tomate;5629.0;31447.0;179.0;179.0
99;Estimativas;202503;22;9999999;22;Amendoim (em casca);55.0;932.0;59.0;59.0
100;Estimativas;202503;22;9999999;22;Laranja;1304.0;8932.0;146.0;146.0
101;Estimativas;202503;22;9999999;22;Castanha de caju;29666.0;388.0;76432.0;76432.0
102;Estimativas;202503;22;9999999;22;Sorgo (em grão);115363.0;2566.0;44956.0;44956.0
103;Estimativas;202503;22;9999999;22;Uva;67.0;16750.0;4.0;4.0
104;Estimativas;202503;23;9999999;23;Algodão herbáceo (em caroço);6563.0;1841.0;3564.0;3564.0
105;Estimativas;202503;23;9999999;23;Arroz (em casca);22612.0;3752.0;6027.0;6027.0
106;Estimativas;202503;23;9999999;23;Banana (cacho);494053.0;12905.0;38285.0;38285.0
107;Estimativas;202503;23;9999999;23;Café (em grão) Canephora;10.0;357.0;28.0;28.0
108;Estimativas;202503;23;9999999;23;Cana-de-açúcar;483681.0;54261.0;8914.0;8914.0
109;Estimativas;202503;23;9999999;23;Feijão (em grão);51176.5;794.0;173300.5;173300.5
110;Estimativas;202503;23;9999999;23;Mandioca;906704.0;10032.0;90382.0;90382.0
111;Estimativas;202503;23;9999999;23;Milho (em grão);228764.5;3380.0;300646.0;300646.0
112;Estimativas;202503;23;9999999;23;Soja (em grão);14137.0;3740.0;3780.0;3780.0
113;Estimativas;202503;23;9999999;23;Tomate;197100.0;72357.0;2724.0;2724.0
114;Estimativas;202503;23;9999999;23;Amendoim (em casca);320.5;1548.0;291.5;291.5
115;Estimativas;202503;23;9999999;23;Laranja;7817.0;8126.0;962.0;962.0
116;Estimativas;202503;23;9999999;23;Castanha de caju;80074.0;279.0;286750.0;286750.0
117;Estimativas;202503;23;9999999;23;Sorgo (em grão);204.0;3709.0;55.0;55.0
118;Estimativas;202503;23;9999999;23;Uva;676.0;22533.0;30.0;30.0
119;Estimativas;202503;23;9999999;23;Café (em grão) Arábica;434.0;340.0;1275.0;1275.0
120;Estimativas;202503;23;9999999;23;Mamona (baga);102.0;234.0;435.0;435.0
121;Estimativas;202503;24;9999999;24;Algodão herbáceo (em caroço);1642.0;1682.0;976.0;979.0
122;Estimativas;202503;24;9999999;24;Arroz (em casca);1257.0;3166.0;397.0;397.0
123;Estimativas;202503;24;9999999;24;Banana (cacho);236691.0;27925.0;8476.0;8486.0
124;Estimativas;202503;24;9999999;24;Cana-de-açúcar;4389385.0;54694.0;80254.0;80584.0
125;Estimativas;202503;24;9999999;24;Feijão (em grão);8553.0;1085.0;23030.0;24481.5
126;Estimativas;202503;24;9999999;24;Mandioca;253698.0;10310.0;24607.0;26573.0
127;Estimativas;202503;24;9999999;24;Milho (em grão);32675.0;538.0;60748.0;67244.0
128;Estimativas;202503;24;9999999;24;Tomate;7207.0;30409.0;237.0;237.0
129;Estimativas;202503;24;9999999;24;Laranja;100.0;3704.0;27.0;27.0
130;Estimativas;202503;24;9999999;24;Castanha de caju;19929.0;327.0;60872.0;62866.0
131;Estimativas;202503;24;9999999;24;Sorgo (em grão);558.0;852.0;655.0;655.0
132;Estimativas;202503;25;9999999;25;Algodão herbáceo (em caroço);1593.0;1606.0;992.0;992.0
133;Estimativas;202503;25;9999999;25;Arroz (em casca);3641.0;1663.0;2190.0;2190.0
134;Estimativas;202503;25;9999999;25;Banana (cacho);144465.0;13899.0;10394.0;10394.0
135;Estimativas;202503;25;9999999;25;Cana-de-açúcar;6875544.0;58295.0;117944.0;117944.0
136;Estimativas;202503;25;9999999;25;Feijão (em grão);25456.5;585.0;43728.0;43728.0
137;Estimativas;202503;25;9999999;25;Mandioca;157436.0;9832.0;16012.0;16012.0
138;Estimativas;202503;25;9999999;25;Milho (em grão);120966.0;1188.0;101865.0;101865.0
139;Estimativas;202503;25;9999999;25;Tomate;19814.0;29976.0;661.0;661.0
140;Estimativas;202503;25;9999999;25;Amendoim (em casca);885.0;1000.0;885.0;885.0
141;Estimativas;202503;25;9999999;25;Laranja;4665.0;6952.0;671.0;671.0
142;Estimativas;202503;25;9999999;25;Castanha de caju;555.0;256.0;2170.0;2170.0
143;Estimativas;202503;25;9999999;25;Uva;1415.0;19930.0;71.0;71.0
144;Estimativas;202503;26;9999999;26;Algodão herbáceo (em caroço);109.0;712.0;153.0;153.0
145;Estimativas;202503;26;9999999;26;Arroz (em casca);6.0;2000.0;3.0;3.0
146;Estimativas;202503;26;9999999;26;Banana (cacho);637896.0;13070.0;48806.0;49570.0
147;Estimativas;202503;26;9999999;26;Cana-de-açúcar;15987179.0;60258.0;265310.0;265337.0
148;Estimativas;202503;26;9999999;26;Feijão (em grão);34758.0;453.0;75877.5;86492.0
149;Estimativas;202503;26;9999999;26;Mandioca;670909.0;11940.0;56191.0;56733.0
150;Estimativas;202503;26;9999999;26;Milho (em grão);59803.0;805.5;73818.5;94227.0
151;Estimativas;202503;26;9999999;26;Tomate;130882.0;57379.0;2281.0;2427.0
152;Estimativas;202503;26;9999999;26;Amendoim (em casca);28.5;1977.5;14.5;14.5
153;Estimativas;202503;26;9999999;26;Laranja;7744.0;9341.0;829.0;844.0
154;Estimativas;202503;26;9999999;26;Castanha de caju;3055.0;1348.0;2266.0;2269.0
155;Estimativas;202503;26;9999999;26;Sorgo (em grão);3004.0;1000.0;3005.0;3005.0
156;Estimativas;202503;26;9999999;26;Uva;717371.0;50250.0;14276.0;14276.0
157;Estimativas;202503;26;9999999;26;Café (em grão) Arábica;444.0;452.0;982.0;992.0
158;Estimativas;202503;26;9999999;26;Mamona (baga);136.0;446.0;305.0;305.0
159;Estimativas;202503;27;9999999;27;Algodão herbáceo (em caroço);22.0;611.0;36.0;36.0
160;Estimativas;202503;27;9999999;27;Arroz (em casca);18843.0;6961.0;2707.0;2707.0
161;Estimativas;202503;27;9999999;27;Banana (cacho);120818.0;12135.0;9956.0;9956.0
162;Estimativas;202503;27;9999999;27;Cana-de-açúcar;18618338.0;62153.0;299555.0;299555.0
163;Estimativas;202503;27;9999999;27;Feijão (em grão);19421.0;694.0;27990.0;27990.0
164;Estimativas;202503;27;9999999;27;Mandioca;530578.0;14190.0;37391.0;37391.0
165;Estimativas;202503;27;9999999;27;Milho (em grão);136517.0;2299.0;59384.0;59384.0
166;Estimativas;202503;27;9999999;27;Soja (em grão);16407.0;3377.0;4858.0;4858.0
167;Estimativas;202503;27;9999999;27;Tomate;10758.0;54333.0;198.0;198.0
168;Estimativas;202503;27;9999999;27;Amendoim (em casca);2407.0;2423.5;1062.5;1062.5
169;Estimativas;202503;27;9999999;27;Laranja;73383.0;9850.0;7450.0;7450.0
170;Estimativas;202503;27;9999999;27;Castanha de caju;730.0;1193.0;612.0;612.0
171;Estimativas;202503;27;9999999;27;Sorgo (em grão);1021.0;2279.0;448.0;448.0
172;Estimativas;202503;28;9999999;31;Arroz (em casca);41153.0;7665.0;5369.0;5369.0
173;Estimativas;202503;28;9999999;31;Cana-de-açúcar;1863742.0;53089.0;35106.0;35106.0
174;Estimativas;202503;28;9999999;31;Feijão (em grão);1485.0;599.0;2479.0;2514.0
175;Estimativas;202503;28;9999999;31;Mandioca;150812.0;14349.0;10510.0;15950.0
176;Estimativas;202503;28;9999999;31;Milho (em grão);987543.0;5287.0;186787.0;186787.0
177;Estimativas;202503;28;9999999;31;Amendoim (em casca);1715.0;1429.0;1200.0;1200.0
178;Estimativas;202503;28;9999999;31;Laranja;378308.0;12221.0;30955.0;31834.0
179;Estimativas;202503;29;9999999;32;Algodão herbáceo (em caroço);1781700.0;4664.0;382000.0;382000.0
180;Estimativas;202503;29;9999999;32;Arroz (em casca);750.0;1667.0;450.0;450.0
181;Estimativas;202503;29;9999999;32;Banana (cacho);905728.0;14042.0;64500.0;69000.0
182;Estimativas;202503;29;9999999;32;Cacau (em amêndoa);119063.0;265.0;449100.0;449100.0
183;Estimativas;202503;29;9999999;32;Café (em grão) Canephora;155760.0;3115.0;50000.0;50000.0
184;Estimativas;202503;29;9999999;32;Cana-de-açúcar;5488275.0;69472.0;79000.0;79000.0
185;Estimativas;202503;29;9999999;32;Feijão (em grão);111400.0;574.0;192500.0;192500.0
186;Estimativas;202503;29;9999999;32;Mandioca;906648.0;8318.0;109000.0;123000.0
187;Estimativas;202503;29;9999999;32;Milho (em grão);1177800.0;3976.5;300000.0;300000.0
188;Estimativas;202503;29;9999999;32;Soja (em grão);8333190.0;3888.0;2143500.0;2143500.0
189;Estimativas;202503;29;9999999;32;Tomate;182699.0;43089.0;4240.0;4240.0
190;Estimativas;202503;29;9999999;32;Amendoim (em casca);1896.5;991.0;1925.5;1925.5
191;Estimativas;202503;29;9999999;32;Laranja;631821.0;12636.0;50000.0;57500.0
192;Estimativas;202503;29;9999999;32;Castanha de caju;2925.0;195.0;15000.0;16000.0
193;Estimativas;202503;29;9999999;32;Sorgo (em grão);142980.0;1503.0;95150.0;95150.0
194;Estimativas;202503;29;9999999;32;Uva;60843.0;32554.0;1869.0;2069.0
195;Estimativas;202503;29;9999999;32;Café (em grão) Arábica;110160.0;1327.0;83000.0;83000.0
196;Estimativas;202503;29;9999999;32;Mamona (baga);36270.0;725.0;50000.0;50000.0
197;Estimativas;202503;29;9999999;32;Batata-inglesa;113372.33333333333;42782.0;2650.0;2650.0
198;Estimativas;202503;29;9999999;32;Trigo (em grão);34644.0;5774.0;6000.0;6000.0
199;Estimativas;202503;31;9999999;33;Algodão herbáceo (em caroço);184902.0;4275.0;43248.0;43248.0
200;Estimativas;202503;31;9999999;33;Arroz (em casca);143513.0;5980.0;23997.0;23997.0
201;Estimativas;202503;31;9999999;33;Banana (cacho);846537.0;16971.0;49882.0;49982.0
202;Estimativas;202503;31;9999999;33;Café (em grão) Canephora;23596.0;2434.0;9694.0;9694.0
203;Estimativas;202503;31;9999999;33;Cana-de-açúcar;84995701.0;75891.0;1119965.0;1119965.0
204;Estimativas;202503;31;9999999;33;Feijão (em grão);176491.0;1896.0;99618.33333333333;99618.33333333333
205;Estimativas;202503;31;9999999;33;Mandioca;551825.0;14135.0;39039.0;39039.0
206;Estimativas;202503;31;9999999;33;Milho (em grão);3404532.0;6086.5;547562.0;547562.0
207;Estimativas;202503;31;9999999;33;Soja (em grão);8857044.0;3783.0;2341359.0;2341359.0
208;Estimativas;202503;31;9999999;33;Tomate;557599.0;75270.0;7408.0;7408.0
209;Estimativas;202503;31;9999999;33;Amendoim (em casca);55639.0;3466.0;16051.0;16051.0
210;Estimativas;202503;31;9999999;33;Laranja;1091017.0;26355.0;41397.0;41397.0
211;Estimativas;202503;31;9999999;33;Sorgo (em grão);1093851.0;3307.0;330818.0;332248.0
212;Estimativas;202503;31;9999999;33;Uva;20342.0;15237.0;1335.0;1335.0
213;Estimativas;202503;31;9999999;33;Café (em grão) Arábica;1490308.0;1414.0;1053737.0;1053737.0
214;Estimativas;202503;31;9999999;33;Batata-inglesa;460516.0;36130.333333333336;12786.333333333334;12786.333333333334
215;Estimativas;202503;31;9999999;33;Trigo (em grão);443001.0;3118.0;142082.0;142082.0
216;Estimativas;202503;31;9999999;33;Aveia (em grão);8578.0;1401.0;6123.0;6623.0
217;Estimativas;202503;31;9999999;33;Girassol (em grão);10170.0;1732.0;5872.0;5872.0
218;Estimativas;202503;32;9999999;34;Arroz (em casca);351.0;3656.0;96.0;96.0
219;Estimativas;202503;32;9999999;34;Banana (cacho);420185.0;14440.0;29098.0;29098.0
220;Estimativas;202503;32;9999999;34;Cacau (em amêndoa);11451.0;725.0;15784.0;15784.0
221;Estimativas;202503;32;9999999;34;Café (em grão) Canephora;707016.0;2467.0;286613.0;286663.0
222;Estimativas;202503;32;9999999;34;Cana-de-açúcar;3151263.0;58967.0;53441.0;53441.0
223;Estimativas;202503;32;9999999;34;Feijão (em grão);3219.6666666666665;1148.0;3030.0;3033.3333333333335
224;Estimativas;202503;32;9999999;34;Mandioca;127835.0;16965.0;7535.0;7535.0
225;Estimativas;202503;32;9999999;34;Milho (em grão);28626.5;3891.0;8381.0;8391.0
226;Estimativas;202503;32;9999999;34;Tomate;147549.0;62627.0;2356.0;2356.0
227;Estimativas;202503;32;9999999;34;Amendoim (em casca);2.0;2000.0;1.0;1.0
228;Estimativas;202503;32;9999999;34;Laranja;22609.0;13183.0;1715.0;1715.0
229;Estimativas;202503;32;9999999;34;Uva;2720.0;16000.0;170.0;170.0
230;Estimativas;202503;32;9999999;34;Café (em grão) Arábica;172665.0;1247.0;138485.0;138585.0
231;Estimativas;202503;32;9999999;34;Batata-inglesa;3690.5;23854.5;156.0;156.0
232;Estimativas;202503;33;9999999;36;Arroz (em casca);837.0;2799.0;299.0;299.0
233;Estimativas;202503;33;9999999;36;Banana (cacho);63666.0;8305.0;7666.0;7666.0
234;Estimativas;202503;33;9999999;36;Cana-de-açúcar;2332902.0;44977.0;51869.0;51869.0
235;Estimativas;202503;33;9999999;36;Feijão (em grão);551.0;1172.5;439.0;439.0
236;Estimativas;202503;33;9999999;36;Mandioca;166404.0;14575.0;11417.0;11417.0
237;Estimativas;202503;33;9999999;36;Milho (em grão);5831.0;5819.0;1079.5;1079.5
238;Estimativas;202503;33;9999999;36;Soja (em grão);2675.0;3002.0;891.0;891.0
239;Estimativas;202503;33;9999999;36;Tomate;125480.0;66851.0;1877.0;1877.0
240;Estimativas;202503;33;9999999;36;Laranja;60388.0;13647.0;4425.0;4425.0
241;Estimativas;202503;33;9999999;36;Uva;123.0;2733.0;45.0;45.0
242;Estimativas;202503;33;9999999;36;Café (em grão) Arábica;19727.0;1684.0;11717.0;11717.0
243;Estimativas;202503;35;9999999;41;Algodão herbáceo (em caroço);33066.0;3795.0;8713.0;8713.0
244;Estimativas;202503;35;9999999;41;Arroz (em casca);60398.0;6558.0;9210.0;9210.0
245;Estimativas;202503;35;9999999;41;Banana (cacho);975896.0;22070.0;44219.0;44473.0
246;Estimativas;202503;35;9999999;41;Café (em grão) Canephora;156.0;1576.0;99.0;99.0
247;Estimativas;202503;35;9999999;41;Cana-de-açúcar;351809374.0;77095.0;4563323.0;4594142.0
248;Estimativas;202503;35;9999999;41;Feijão (em grão);66971.66666666667;2609.3333333333335;23748.0;23748.0
249;Estimativas;202503;35;9999999;41;Mandioca;1540777.0;23377.0;65910.0;66237.0
250;Estimativas;202503;35;9999999;41;Milho (em grão);2005900.0;5507.0;372400.0;373155.0
251;Estimativas;202503;35;9999999;41;Soja (em grão);5024607.0;3700.0;1358028.0;1360498.0
252;Estimativas;202503;35;9999999;41;Tomate;1077255.0;86596.0;12440.0;12440.0
253;Estimativas;202503;35;9999999;41;Amendoim (em casca);472849.5;3977.0;125624.5;125724.5
254;Estimativas;202503;35;9999999;41;Laranja;8719368.0;27997.0;311438.0;311504.0
255;Estimativas;202503;35;9999999;41;Sorgo (em grão);459997.0;3312.0;138900.0;138900.0
256;Estimativas;202503;35;9999999;41;Uva;138311.0;18397.0;7518.0;7519.0
257;Estimativas;202503;35;9999999;41;Café (em grão) Arábica;294038.0;1500.0;196025.0;199829.0
258;Estimativas;202503;35;9999999;41;Batata-inglesa;303934.6666666667;33524.333333333336;9048.0;9048.0
259;Estimativas;202503;35;9999999;41;Trigo (em grão);389800.0;3086.0;126300.0;126400.0
260;Estimativas;202503;35;9999999;41;Aveia (em grão);31651.0;2209.0;14328.0;14328.0
261;Estimativas;202503;35;9999999;41;Girassol (em grão);2252.0;2348.0;959.0;959.0
262;Estimativas;202503;35;9999999;41;Cevada (em grão);19638.0;5255.0;3737.0;3737.0
263;Estimativas;202503;35;9999999;41;Triticale (em grão);9525.0;2569.0;3708.0;3708.0
264;Estimativas;202503;41;9999999;42;Arroz (em casca);135100.0;6858.0;19700.0;19700.0
265;Estimativas;202503;41;9999999;42;Banana (cacho);173393.0;23119.0;7500.0;7500.0
266;Estimativas;202503;41;9999999;42;Cana-de-açúcar;37158900.0;73047.0;508700.0;508700.0
267;Estimativas;202503;41;9999999;42;Feijão (em grão);316800.0;1694.0;166166.66666666666;166166.66666666666
268;Estimativas;202503;41;9999999;42;Mandioca;4150900.0;27821.0;149200.0;149200.0
269;Estimativas;202503;41;9999999;42;Milho (em grão);9386650.0;8303.0;1465600.0;1465600.0
270;Estimativas;202503;41;9999999;42;Soja (em grão);21261800.0;3639.0;5842900.0;5842900.0
271;Estimativas;202503;41;9999999;42;Tomate;263100.0;62643.0;4200.0;4200.0
272;Estimativas;202503;41;9999999;42;Amendoim (em casca);8900.0;3423.0;2600.0;2600.0
273;Estimativas;202503;41;9999999;42;Laranja;804330.0;35748.0;22500.0;22500.0
274;Estimativas;202503;41;9999999;42;Uva;56872.0;14218.0;4000.0;4000.0
275;Estimativas;202503;41;9999999;42;Café (em grão) Arábica;42700.0;1675.0;25500.0;25500.0
276;Estimativas;202503;41;9999999;42;Batata-inglesa;456800.0;32084.0;14100.0;14100.0
277;Estimativas;202503;41;9999999;42;Trigo (em grão);2937900.0;3221.0;912200.0;912200.0
278;Estimativas;202503;41;9999999;42;Aveia (em grão);233600.0;2480.0;94200.0;94200.0
279;Estimativas;202503;41;9999999;42;Girassol (em grão);0.0;0.0;0.0;0.0
280;Estimativas;202503;41;9999999;42;Cevada (em grão);413800.0;4374.0;94600.0;94600.0
281;Estimativas;202503;41;9999999;42;Triticale (em grão);19000.0;3393.0;5600.0;5600.0
282;Estimativas;202503;41;9999999;42;Centeio (em grão);4500.0;2368.0;1900.0;1900.0
283;Estimativas;202503;42;9999999;44;Arroz (em casca);1185228.0;8249.0;143686.0;143686.0
284;Estimativas;202503;42;9999999;44;Banana (cacho);738274.0;24922.0;29623.0;29813.0
285;Estimativas;202503;42;9999999;44;Cana-de-açúcar;173318.0;48946.0;3541.0;3541.0
286;Estimativas;202503;42;9999999;44;Feijão (em grão);61522.0;1896.0;31860.0;31860.0
287;Estimativas;202503;42;9999999;44;Mandioca;294490.0;20289.0;14515.0;14515.0
288;Estimativas;202503;42;9999999;44;Milho (em grão);1151701.5;7631.5;129666.5;129666.5
289;Estimativas;202503;42;9999999;44;Soja (em grão);3064038.0;3686.0;831154.0;831154.0
290;Estimativas;202503;42;9999999;44;Tomate;126242.0;64180.0;1967.0;1967.0
291;Estimativas;202503;42;9999999;44;Amendoim (em casca);8.0;2000.0;4.0;4.0
292;Estimativas;202503;42;9999999;44;Laranja;28112.0;16854.0;1668.0;1668.0
293;Estimativas;202503;42;9999999;44;Uva;57439.0;15395.0;3731.0;3731.0
294;Estimativas;202503;42;9999999;44;Batata-inglesa;81078.0;26525.5;2670.0;2670.0
295;Estimativas;202503;42;9999999;44;Trigo (em grão);363602.0;3319.0;109541.0;109541.0
296;Estimativas;202503;43;9999999;45;Arroz (em casca);8114714.0;8389.0;967302.0;967943.0
297;Estimativas;202503;43;9999999;45;Banana (cacho);149333.0;12193.0;12247.0;12391.0
298;Estimativas;202503;43;9999999;45;Cana-de-açúcar;471668.0;41487.0;11369.0;12678.0
299;Estimativas;202503;43;9999999;45;Feijão (em grão);41281.0;1615.5;24708.0;24853.5
300;Estimativas;202503;43;9999999;45;Mandioca;689761.0;16783.0;41098.0;49717.0
301;Estimativas;202503;43;9999999;45;Milho (em grão);5321681.0;7404.0;718724.0;719902.0
302;Estimativas;202503;43;9999999;45;Soja (em grão);14980432.0;2200.0;6808029.0;6814039.0
303;Estimativas;202503;43;9999999;45;Tomate;102133.0;53194.0;1920.0;1922.0
304;Estimativas;202503;43;9999999;45;Amendoim (em casca);2094.0;1767.0;1185.0;1185.0
305;Estimativas;202503;43;9999999;45;Laranja;342609.0;17102.0;20033.0;22372.0
306;Estimativas;202503;43;9999999;45;Sorgo (em grão);1219.0;3048.0;400.0;400.0
307;Estimativas;202503;43;9999999;45;Uva;958018.0;20126.0;47602.0;48269.0
308;Estimativas;202503;43;9999999;45;Batata-inglesa;267561.5;26755.0;9333.0;9335.5
309;Estimativas;202503;43;9999999;45;Trigo (em grão);3722494.0;2772.0;1343055.0;1343185.0
310;Estimativas;202503;43;9999999;45;Aveia (em grão);851050.0;2249.0;378490.0;378490.0
311;Estimativas;202503;43;9999999;45;Girassol (em grão);4859.0;1702.0;2855.0;2855.0
312;Estimativas;202503;43;9999999;45;Cevada (em grão);109730.0;3120.0;35165.0;35165.0
313;Estimativas;202503;43;9999999;45;Triticale (em grão);14355.0;2669.0;5379.0;5379.0
314;Estimativas;202503;43;9999999;45;Centeio (em grão);1908.0;1435.0;1330.0;1330.0
315;Estimativas;202503;50;9999999;55;Algodão herbáceo (em caroço);158500.0;5000.0;31700.0;31700.0
316;Estimativas;202503;50;9999999;55;Arroz (em casca);80914.0;6810.0;11882.0;11882.0
317;Estimativas;202503;50;9999999;55;Banana (cacho);14682.0;8134.0;1805.0;1805.0
318;Estimativas;202503;50;9999999;55;Cana-de-açúcar;52496839.0;78061.0;672508.0;672508.0
319;Estimativas;202503;50;9999999;55;Feijão (em grão);5850.0;1623.3333333333333;4807.666666666667;4807.666666666667
320;Estimativas;202503;50;9999999;55;Mandioca;1359876.0;22461.0;60545.0;60549.0
321;Estimativas;202503;50;9999999;55;Milho (em grão);5445558.0;7164.5;1105892.5;1105892.5
322;Estimativas;202503;50;9999999;55;Soja (em grão);13356000.0;3180.0;4200000.0;4200000.0
323;Estimativas;202503;50;9999999;55;Tomate;1659.0;36065.0;46.0;46.0
324;Estimativas;202503;50;9999999;55;Amendoim (em casca);58656.0;3444.0;17752.5;17752.5
325;Estimativas;202503;50;9999999;55;Laranja;34500.0;23695.0;1456.0;1456.0
326;Estimativas;202503;50;9999999;55;Sorgo (em grão);233924.0;2945.0;79433.0;79433.0
327;Estimativas;202503;50;9999999;55;Uva;80.0;5714.0;14.0;14.0
328;Estimativas;202503;50;9999999;55;Café (em grão) Arábica;207.0;1310.0;158.0;158.0
329;Estimativas;202503;50;9999999;55;Trigo (em grão);92723.0;2009.0;46163.0;46163.0
330;Estimativas;202503;50;9999999;55;Aveia (em grão);22194.0;1123.0;19756.0;19756.0
331;Estimativas;202503;51;9999999;52;Algodão herbáceo (em caroço);6456316.0;4229.0;1526644.0;1526644.0
332;Estimativas;202503;51;9999999;52;Arroz (em casca);561301.0;3625.0;154842.0;154842.0
333;Estimativas;202503;51;9999999;52;Banana (cacho);86222.0;11914.0;7237.0;7247.0
334;Estimativas;202503;51;9999999;52;Cacau (em amêndoa);154.0;672.0;229.0;229.0
335;Estimativas;202503;51;9999999;52;Café (em grão) Canephora;10254.0;1024.0;10012.0;10012.0
336;Estimativas;202503;51;9999999;52;Cana-de-açúcar;21399382.0;83591.0;256002.0;256200.0
337;Estimativas;202503;51;9999999;52;Feijão (em grão);94441.33333333333;1684.3333333333333;59196.333333333336;59196.333333333336
338;Estimativas;202503;51;9999999;52;Mandioca;209334.0;14454.0;14483.0;14489.0
339;Estimativas;202503;51;9999999;52;Milho (em grão);23724066.5;6051.0;3648328.5;3648328.5
340;Estimativas;202503;51;9999999;52;Soja (em grão);48771277.0;3833.0;12722496.0;12722496.0
341;Estimativas;202503;51;9999999;52;Tomate;3395.0;20957.0;162.0;162.0
342;Estimativas;202503;51;9999999;52;Amendoim (em casca);11024.5;3480.5;2910.5;2910.5
343;Estimativas;202503;51;9999999;52;Laranja;5306.0;12426.0;427.0;427.0
344;Estimativas;202503;51;9999999;52;Castanha de caju;88.0;587.0;150.0;150.0
345;Estimativas;202503;51;9999999;52;Sorgo (em grão);230916.0;2872.0;80400.0;80400.0
346;Estimativas;202503;51;9999999;52;Uva;172.0;7818.0;22.0;22.0
347;Estimativas;202503;51;9999999;52;Café (em grão) Arábica;35.0;1750.0;20.0;26.0
348;Estimativas;202503;51;9999999;52;Mamona (baga);1814.0;991.0;1830.0;1830.0
349;Estimativas;202503;51;9999999;52;Girassol (em grão);1500.0;1500.0;1000.0;1000.0
350;Estimativas;202503;52;9999999;53;Algodão herbáceo (em caroço);134236.0;4179.0;32122.0;32122.0
351;Estimativas;202503;52;9999999;53;Arroz (em casca);133449.0;4803.0;27787.0;27787.0
352;Estimativas;202503;52;9999999;53;Banana (cacho);166908.0;14026.0;11900.0;11910.0
353;Estimativas;202503;52;9999999;53;Cana-de-açúcar;83177294.0;81057.0;1026155.0;1042144.0
354;Estimativas;202503;52;9999999;53;Feijão (em grão);129486.0;2457.0;48651.0;48651.0
355;Estimativas;202503;52;9999999;53;Mandioca;195725.0;16227.0;12062.0;12387.0
356;Estimativas;202503;52;9999999;53;Milho (em grão);8079250.0;7757.0;1177036.0;1177036.0
357;Estimativas;202503;52;9999999;53;Soja (em grão);19921941.0;3942.0;5053506.0;5053506.0
358;Estimativas;202503;52;9999999;53;Tomate;1710459.0;88041.0;19428.0;19428.0
359;Estimativas;202503;52;9999999;53;Laranja;185624.0;22273.0;8334.0;8364.0
360;Estimativas;202503;52;9999999;53;Sorgo (em grão);1561140.0;3283.0;475510.0;475510.0
361;Estimativas;202503;52;9999999;53;Uva;3517.0;18414.0;191.0;191.0
362;Estimativas;202503;52;9999999;53;Café (em grão) Arábica;15419.0;2453.0;6286.0;6286.0
363;Estimativas;202503;52;9999999;53;Batata-inglesa;89133.0;37443.0;2176.6666666666665;2176.6666666666665
364;Estimativas;202503;52;9999999;53;Trigo (em grão);143562.0;4545.0;31590.0;31590.0
365;Estimativas;202503;52;9999999;53;Girassol (em grão);73266.0;1609.0;45541.0;45541.0
366;Estimativas;202503;53;9999999;54;Banana (cacho);6038.0;19353.0;312.0;312.0
367;Estimativas;202503;53;9999999;54;Cana-de-açúcar;17378.0;84771.0;205.0;205.0
368;Estimativas;202503;53;9999999;54;Feijão (em grão);16344.333333333334;2293.3333333333335;6033.333333333333;6033.333333333333
369;Estimativas;202503;53;9999999;54;Mandioca;17867.0;20234.0;883.0;883.0
370;Estimativas;202503;53;9999999;54;Milho (em grão);193488.0;7880.0;27500.0;27500.0
371;Estimativas;202503;53;9999999;54;Soja (em grão);323640.0;3720.0;87000.0;87000.0
372;Estimativas;202503;53;9999999;54;Tomate;27708.0;79166.0;350.0;350.0
373;Estimativas;202503;53;9999999;54;Laranja;1608.0;24000.0;67.0;67.0
374;Estimativas;202503;53;9999999;54;Sorgo (em grão);113400.0;4200.0;27000.0;27000.0
375;Estimativas;202503;53;9999999;54;Uva;1302.0;22842.0;57.0;57.0
376;Estimativas;202503;53;9999999;54;Café (em grão) Arábica;1016.0;2436.0;417.0;417.0
377;Estimativas;202503;53;9999999;54;Batata-inglesa;4208.0;42080.0;100.0;100.0
378;Estimativas;202503;53;9999999;54;Trigo (em grão);15150.0;3788.0;4000.0;4000.0
379;Estimativas;202503;53;9999999;54;Girassol (em grão);1260.0;1800.0;700.0;700.0
380;Estimativas;202504;11;9999999;11;Algodão herbáceo (em caroço);34052.0;3800.0;8961.0;8961.0
381;Estimativas;202504;11;9999999;11;Arroz (em casca);188071.0;3610.0;52103.0;52105.0
382;Estimativas;202504;11;9999999;11;Banana (cacho);107136.0;14961.0;7161.0;7167.0
383;Estimativas;202504;11;9999999;11;Cacau (em amêndoa);8317.0;1259.0;6608.0;6618.0
384;Estimativas;202504;11;9999999;11;Café (em grão) Canephora;177410.0;3340.0;53116.0;53136.0
385;Estimativas;202504;11;9999999;11;Cana-de-açúcar;14843.0;35173.0;422.0;422.0
386;Estimativas;202504;11;9999999;11;Feijão (em grão);2057.0;850.0;2420.0;2423.0
387;Estimativas;202504;11;9999999;11;Mandioca;291248.0;20380.0;14291.0;14464.0
388;Estimativas;202504;11;9999999;11;Milho (em grão);1026985.5;4038.0;221181.5;221182.5
389;Estimativas;202504;11;9999999;11;Soja (em grão);2407881.0;3475.0;692821.0;694863.0
390;Estimativas;202504;11;9999999;11;Tomate;4260.0;30870.0;138.0;138.0
391;Estimativas;202504;11;9999999;11;Sorgo (em grão);20268.0;2765.0;7330.0;7339.0
392;Estimativas;202504;12;9999999;12;Arroz (em casca);4429.0;1224.0;3617.0;3752.0
393;Estimativas;202504;12;9999999;12;Banana (cacho);87907.0;12540.0;7010.0;7685.0
394;Estimativas;202504;12;9999999;12;Café (em grão) Canephora;4921.0;3051.0;1613.0;1734.0
395;Estimativas;202504;12;9999999;12;Cana-de-açúcar;10320.0;25930.0;398.0;418.0
396;Estimativas;202504;12;9999999;12;Feijão (em grão);2832.0;559.0;5069.0;5069.0
397;Estimativas;202504;12;9999999;12;Mandioca;511423.0;23054.0;22184.0;22284.0
398;Estimativas;202504;12;9999999;12;Milho (em grão);62313.5;3577.0;19405.5;19405.5
399;Estimativas;202504;12;9999999;12;Soja (em grão);62229.0;3724.0;16712.0;16740.0
400;Estimativas;202504;12;9999999;12;Amendoim (em casca);48.0;1200.0;40.0;40.0
401;Estimativas;202504;12;9999999;12;Laranja;5245.0;13987.0;375.0;387.0
402;Estimativas;202504;13;9999999;13;Arroz (em casca);10276.0;2748.0;3740.0;3757.0
403;Estimativas;202504;13;9999999;13;Banana (cacho);130980.0;15563.0;8416.0;8658.0
404;Estimativas;202504;13;9999999;13;Cacau (em amêndoa);740.0;588.0;1258.0;1258.0
405;Estimativas;202504;13;9999999;13;Café (em grão) Canephora;686.0;1488.0;461.0;462.0
406;Estimativas;202504;13;9999999;13;Cana-de-açúcar;260879.0;44971.0;5801.0;5802.0
407;Estimativas;202504;13;9999999;13;Feijão (em grão);345.0;1053.5;353.5;369.0
408;Estimativas;202504;13;9999999;13;Mandioca;784468.0;10711.0;73238.0;74096.0
409;Estimativas;202504;13;9999999;13;Milho (em grão);7168.0;3012.0;2380.0;2407.0
410;Estimativas;202504;13;9999999;13;Soja (em grão);34200.0;2865.0;11937.0;11937.0
411;Estimativas;202504;13;9999999;13;Tomate;653.0;14841.0;44.0;44.0
412;Estimativas;202504;13;9999999;13;Laranja;40226.0;19835.0;2028.0;2191.0
413;Estimativas;202504;14;9999999;14;Arroz (em casca);88318.0;6836.0;12920.0;12920.0
414;Estimativas;202504;14;9999999;14;Banana (cacho);68274.0;10718.0;6370.0;6370.0
415;Estimativas;202504;14;9999999;14;Cacau (em amêndoa);263.0;1012.0;260.0;260.0
416;Estimativas;202504;14;9999999;14;Cana-de-açúcar;2847.0;14984.0;190.0;190.0
417;Estimativas;202504;14;9999999;14;Feijão (em grão);549.0;727.0;755.0;755.0
418;Estimativas;202504;14;9999999;14;Mandioca;106815.0;19246.0;5550.0;5550.0
419;Estimativas;202504;14;9999999;14;Milho (em grão);63399.0;3686.0;17200.0;17200.0
420;Estimativas;202504;14;9999999;14;Soja (em grão);477646.0;3334.0;143280.0;143280.0
421;Estimativas;202504;14;9999999;14;Tomate;2855.0;19033.0;150.0;150.0
422;Estimativas;202504;14;9999999;14;Laranja;17961.0;12622.0;1423.0;1423.0
423;Estimativas;202504;15;9999999;15;Arroz (em casca);109591.0;2861.0;38306.0;38306.0
424;Estimativas;202504;15;9999999;15;Banana (cacho);418553.0;11229.0;37273.0;37273.0
425;Estimativas;202504;15;9999999;15;Cacau (em amêndoa);152254.0;893.0;170504.0;170504.0
426;Estimativas;202504;15;9999999;15;Café (em grão) Canephora;135.0;854.0;158.0;158.0
427;Estimativas;202504;15;9999999;15;Cana-de-açúcar;1242971.0;71068.0;17490.0;17490.0
428;Estimativas;202504;15;9999999;15;Feijão (em grão);6414.0;727.0;8844.0;8844.0
429;Estimativas;202504;15;9999999;15;Mandioca;4208967.0;15528.0;271053.0;271053.0
430;Estimativas;202504;15;9999999;15;Milho (em grão);1194824.0;3743.5;320748.0;320748.0
431;Estimativas;202504;15;9999999;15;Soja (em grão);4306239.0;3341.0;1288804.0;1288804.0
432;Estimativas;202504;15;9999999;15;Tomate;2347.0;21935.0;107.0;107.0
433;Estimativas;202504;15;9999999;15;Amendoim (em casca);75.0;1398.5;57.5;57.5
434;Estimativas;202504;15;9999999;15;Laranja;294786.0;17417.0;16925.0;16925.0
435;Estimativas;202504;15;9999999;15;Castanha de caju;608.0;691.0;880.0;880.0
436;Estimativas;202504;15;9999999;15;Sorgo (em grão);68893.0;3015.0;22850.0;22850.0
437;Estimativas;202504;16;9999999;16;Arroz (em casca);532.0;950.0;560.0;600.0
438;Estimativas;202504;16;9999999;16;Banana (cacho);17563.0;9687.0;1813.0;1813.0
439;Estimativas;202504;16;9999999;16;Cana-de-açúcar;5250.0;23864.0;220.0;220.0
440;Estimativas;202504;16;9999999;16;Feijão (em grão);820.0;965.0;850.0;850.0
441;Estimativas;202504;16;9999999;16;Mandioca;135626.0;10076.0;13460.0;13460.0
442;Estimativas;202504;16;9999999;16;Milho (em grão);1890.0;969.0;1950.0;1980.0
443;Estimativas;202504;16;9999999;16;Soja (em grão);26860.0;2686.0;10000.0;10000.0
444;Estimativas;202504;16;9999999;16;Laranja;3182.0;6629.0;480.0;480.0
445;Estimativas;202504;17;9999999;17;Algodão herbáceo (em caroço);43118.0;3536.0;12194.0;12194.0
446;Estimativas;202504;17;9999999;17;Arroz (em casca);713141.0;5512.0;129380.0;129381.0
447;Estimativas;202504;17;9999999;17;Banana (cacho);38692.0;10150.0;3812.0;3821.0
448;Estimativas;202504;17;9999999;17;Cana-de-açúcar;2915244.0;81031.0;35977.0;35984.0
449;Estimativas;202504;17;9999999;17;Feijão (em grão);30117.0;1495.0;22312.333333333332;22314.666666666668
450;Estimativas;202504;17;9999999;17;Mandioca;236368.0;16069.0;14710.0;15049.0
451;Estimativas;202504;17;9999999;17;Milho (em grão);1090861.0;4386.0;239717.5;239812.5
452;Estimativas;202504;17;9999999;17;Soja (em grão);4597560.0;3244.0;1417036.0;1468056.0
453;Estimativas;202504;17;9999999;17;Amendoim (em casca);2304.0;3752.0;614.0;714.0
454;Estimativas;202504;17;9999999;17;Laranja;951.0;12038.0;79.0;83.0
455;Estimativas;202504;17;9999999;17;Castanha de caju;3.0;750.0;4.0;4.0
456;Estimativas;202504;17;9999999;17;Sorgo (em grão);85395.0;2091.0;40841.0;40841.0
457;Estimativas;202504;17;9999999;17;Uva;21.0;10500.0;2.0;2.0
458;Estimativas;202504;21;9999999;21;Algodão herbáceo (em caroço);135690.0;4112.0;32996.0;32996.0
459;Estimativas;202504;21;9999999;21;Arroz (em casca);188133.0;2452.0;76740.0;76740.0
460;Estimativas;202504;21;9999999;21;Banana (cacho);76298.0;17337.0;4401.0;4401.0
461;Estimativas;202504;21;9999999;21;Cana-de-açúcar;2655814.0;58924.0;45072.0;45072.0
462;Estimativas;202504;21;9999999;21;Feijão (em grão);12543.0;590.5;20538.0;20538.0
463;Estimativas;202504;21;9999999;21;Mandioca;618758.0;13061.0;47375.0;47375.0
464;Estimativas;202504;21;9999999;21;Milho (em grão);1354161.0;4966.5;265357.0;265357.0
465;Estimativas;202504;21;9999999;21;Soja (em grão);4485425.0;3259.0;1376496.0;1376496.0
466;Estimativas;202504;21;9999999;21;Tomate;3170.0;21275.0;149.0;149.0
467;Estimativas;202504;21;9999999;21;Amendoim (em casca);162.0;1653.0;98.0;98.0
468;Estimativas;202504;21;9999999;21;Laranja;236.0;4917.0;48.0;48.0
469;Estimativas;202504;21;9999999;21;Castanha de caju;2727.0;347.0;7856.0;7856.0
470;Estimativas;202504;21;9999999;21;Sorgo (em grão);31241.0;1955.0;15977.0;15977.0
471;Estimativas;202504;22;9999999;22;Algodão herbáceo (em caroço);139200.0;4619.0;30138.0;30503.0
472;Estimativas;202504;22;9999999;22;Arroz (em casca);77394.0;1842.0;42021.0;42453.0
473;Estimativas;202504;22;9999999;22;Banana (cacho);49561.0;20938.0;2367.0;2367.0
474;Estimativas;202504;22;9999999;22;Cana-de-açúcar;1159664.0;64201.0;18063.0;18063.0
475;Estimativas;202504;22;9999999;22;Feijão (em grão);23762.0;517.5;56124.0;81646.5
476;Estimativas;202504;22;9999999;22;Mandioca;466673.0;10180.0;45844.0;47053.0
477;Estimativas;202504;22;9999999;22;Milho (em grão);953790.5;5028.5;196059.5;237609.0
478;Estimativas;202504;22;9999999;22;Soja (em grão);3559783.0;3371.0;1056022.0;1056122.0
479;Estimativas;202504;22;9999999;22;Tomate;5289.0;31671.0;167.0;167.0
480;Estimativas;202504;22;9999999;22;Amendoim (em casca);22.0;1158.0;19.0;19.0
481;Estimativas;202504;22;9999999;22;Laranja;1287.0;8938.0;144.0;144.0
482;Estimativas;202504;22;9999999;22;Castanha de caju;30367.0;394.0;77054.0;77054.0
483;Estimativas;202504;22;9999999;22;Sorgo (em grão);65433.0;2126.0;30783.0;30783.0
484;Estimativas;202504;22;9999999;22;Uva;67.0;16750.0;4.0;4.0
485;Estimativas;202504;23;9999999;23;Algodão herbáceo (em caroço);6863.0;1854.0;3701.0;3701.0
486;Estimativas;202504;23;9999999;23;Arroz (em casca);22694.0;3791.0;5987.0;5987.0
487;Estimativas;202504;23;9999999;23;Banana (cacho);494069.0;12905.0;38286.0;38286.0
488;Estimativas;202504;23;9999999;23;Café (em grão) Canephora;10.0;357.0;28.0;28.0
489;Estimativas;202504;23;9999999;23;Cana-de-açúcar;483998.0;54296.0;8914.0;8914.0
490;Estimativas;202504;23;9999999;23;Feijão (em grão);59571.0;821.0;170834.5;170834.5
491;Estimativas;202504;23;9999999;23;Mandioca;907581.0;10042.0;90383.0;90383.0
492;Estimativas;202504;23;9999999;23;Milho (em grão);289770.0;3483.5;299293.0;299293.0
493;Estimativas;202504;23;9999999;23;Soja (em grão);16021.0;3787.0;4230.0;4230.0
494;Estimativas;202504;23;9999999;23;Tomate;197047.0;72364.0;2723.0;2723.0
495;Estimativas;202504;23;9999999;23;Amendoim (em casca);320.5;1548.0;291.5;291.5
496;Estimativas;202504;23;9999999;23;Laranja;7817.0;8126.0;962.0;962.0
497;Estimativas;202504;23;9999999;23;Castanha de caju;80216.0;280.0;286750.0;286750.0
498;Estimativas;202504;23;9999999;23;Sorgo (em grão);204.0;3709.0;55.0;55.0
499;Estimativas;202504;23;9999999;23;Uva;676.0;22533.0;30.0;30.0
500;Estimativas;202504;23;9999999;23;Café (em grão) Arábica;434.0;340.0;1275.0;1275.0
501;Estimativas;202504;23;9999999;23;Mamona (baga);57.0;345.0;165.0;165.0
502;Estimativas;202504;24;9999999;24;Algodão herbáceo (em caroço);2531.0;2150.0;1177.0;1180.0
503;Estimativas;202504;24;9999999;24;Arroz (em casca);1232.0;3183.0;387.0;387.0
504;Estimativas;202504;24;9999999;24;Banana (cacho);230453.0;28294.0;8145.0;8156.0
505;Estimativas;202504;24;9999999;24;Cana-de-açúcar;4540194.0;54814.0;82829.0;83159.0
506;Estimativas;202504;24;9999999;24;Feijão (em grão);8308.0;1087.5;22072.5;23527.5
507;Estimativas;202504;24;9999999;24;Mandioca;227829.0;10109.0;22537.0;24503.0
508;Estimativas;202504;24;9999999;24;Milho (em grão);31359.0;542.0;57829.0;64804.0
509;Estimativas;202504;24;9999999;24;Tomate;7117.0;30157.0;236.0;236.0
510;Estimativas;202504;24;9999999;24;Laranja;100.0;3704.0;27.0;27.0
511;Estimativas;202504;24;9999999;24;Castanha de caju;19866.0;328.0;60561.0;62555.0
512;Estimativas;202504;24;9999999;24;Sorgo (em grão);291.0;1379.0;211.0;211.0
513;Estimativas;202504;25;9999999;25;Algodão herbáceo (em caroço);1233.0;1372.0;899.0;919.0
514;Estimativas;202504;25;9999999;25;Arroz (em casca);3972.0;1714.0;2318.0;2318.0
515;Estimativas;202504;25;9999999;25;Banana (cacho);147944.0;13994.0;10572.0;10576.0
516;Estimativas;202504;25;9999999;25;Cana-de-açúcar;7033483.0;58720.0;119780.0;119880.0
517;Estimativas;202504;25;9999999;25;Feijão (em grão);21930.0;554.5;40767.5;40792.5
518;Estimativas;202504;25;9999999;25;Mandioca;160957.0;10320.0;15597.0;16019.0
519;Estimativas;202504;25;9999999;25;Milho (em grão);100282.0;1054.0;95109.0;95199.0
520;Estimativas;202504;25;9999999;25;Tomate;18069.0;29916.0;604.0;604.0
521;Estimativas;202504;25;9999999;25;Amendoim (em casca);912.0;1234.0;739.0;739.0
522;Estimativas;202504;25;9999999;25;Laranja;4517.0;6960.0;649.0;649.0
523;Estimativas;202504;25;9999999;25;Castanha de caju;548.0;258.0;2120.0;2120.0
524;Estimativas;202504;25;9999999;25;Uva;1430.0;19861.0;72.0;72.0
525;Estimativas;202504;26;9999999;26;Algodão herbáceo (em caroço);109.0;712.0;153.0;153.0
526;Estimativas;202504;26;9999999;26;Arroz (em casca);6.0;2000.0;3.0;3.0
527;Estimativas;202504;26;9999999;26;Banana (cacho);638069.0;13072.0;48812.0;49576.0
528;Estimativas;202504;26;9999999;26;Cana-de-açúcar;15949828.0;60301.0;264504.0;264531.0
529;Estimativas;202504;26;9999999;26;Feijão (em grão);28875.5;432.0;62475.5;82574.0
530;Estimativas;202504;26;9999999;26;Mandioca;620694.0;11205.0;55393.0;55935.0
531;Estimativas;202504;26;9999999;26;Milho (em grão);32244.0;582.0;52837.5;92452.0
532;Estimativas;202504;26;9999999;26;Tomate;131013.0;57386.0;2283.0;2429.0
533;Estimativas;202504;26;9999999;26;Amendoim (em casca);28.5;1977.5;14.5;14.5
534;Estimativas;202504;26;9999999;26;Laranja;7733.0;9419.0;821.0;836.0
535;Estimativas;202504;26;9999999;26;Castanha de caju;3033.0;1374.0;2207.0;2210.0
536;Estimativas;202504;26;9999999;26;Sorgo (em grão);3004.0;1000.0;3005.0;3005.0
537;Estimativas;202504;26;9999999;26;Uva;755170.0;49761.0;15176.0;15176.0
538;Estimativas;202504;26;9999999;26;Café (em grão) Arábica;448.0;455.0;985.0;995.0
539;Estimativas;202504;26;9999999;26;Mamona (baga);136.0;446.0;305.0;305.0
540;Estimativas;202504;27;9999999;27;Algodão herbáceo (em caroço);22.0;611.0;36.0;36.0
541;Estimativas;202504;27;9999999;27;Arroz (em casca);18843.0;6961.0;2707.0;2707.0
542;Estimativas;202504;27;9999999;27;Banana (cacho);120818.0;12135.0;9956.0;9956.0
543;Estimativas;202504;27;9999999;27;Cana-de-açúcar;16850000.0;60721.0;277500.0;277500.0
544;Estimativas;202504;27;9999999;27;Feijão (em grão);19421.0;694.0;27990.0;27990.0
545;Estimativas;202504;27;9999999;27;Mandioca;530578.0;14190.0;37391.0;37391.0
546;Estimativas;202504;27;9999999;27;Milho (em grão);136517.0;2299.0;59384.0;59384.0
547;Estimativas;202504;27;9999999;27;Soja (em grão);16407.0;3377.0;4858.0;4858.0
548;Estimativas;202504;27;9999999;27;Tomate;10758.0;54333.0;198.0;198.0
549;Estimativas;202504;27;9999999;27;Amendoim (em casca);2407.0;2423.5;1062.5;1062.5
550;Estimativas;202504;27;9999999;27;Laranja;73383.0;9850.0;7450.0;7450.0
551;Estimativas;202504;27;9999999;27;Castanha de caju;730.0;1193.0;612.0;612.0
552;Estimativas;202504;27;9999999;27;Sorgo (em grão);1021.0;2279.0;448.0;448.0
553;Estimativas;202504;28;9999999;31;Arroz (em casca);41153.0;7665.0;5369.0;5369.0
554;Estimativas;202504;28;9999999;31;Cana-de-açúcar;1863742.0;53089.0;35106.0;35106.0
555;Estimativas;202504;28;9999999;31;Feijão (em grão);1485.0;599.0;2479.0;2514.0
556;Estimativas;202504;28;9999999;31;Mandioca;150812.0;14349.0;10510.0;15950.0
557;Estimativas;202504;28;9999999;31;Milho (em grão);987543.0;5287.0;186787.0;186787.0
558;Estimativas;202504;28;9999999;31;Amendoim (em casca);1715.0;1429.0;1200.0;1200.0
559;Estimativas;202504;28;9999999;31;Laranja;378308.0;12221.0;30955.0;31834.0
560;Estimativas;202504;29;9999999;32;Algodão herbáceo (em caroço);1781700.0;4664.0;382000.0;382000.0
561;Estimativas;202504;29;9999999;32;Arroz (em casca);750.0;1667.0;450.0;450.0
562;Estimativas;202504;29;9999999;32;Banana (cacho);905728.0;14042.0;64500.0;69000.0
563;Estimativas;202504;29;9999999;32;Cacau (em amêndoa);119063.0;265.0;449100.0;449100.0
564;Estimativas;202504;29;9999999;32;Café (em grão) Canephora;155760.0;3115.0;50000.0;50000.0
565;Estimativas;202504;29;9999999;32;Cana-de-açúcar;5488275.0;69472.0;79000.0;79000.0
566;Estimativas;202504;29;9999999;32;Feijão (em grão);106450.0;565.5;187500.0;187500.0
567;Estimativas;202504;29;9999999;32;Mandioca;906648.0;8318.0;109000.0;123000.0
568;Estimativas;202504;29;9999999;32;Milho (em grão);1185900.0;4004.5;300000.0;300000.0
569;Estimativas;202504;29;9999999;32;Soja (em grão);8606190.0;4015.0;2143500.0;2143500.0
570;Estimativas;202504;29;9999999;32;Tomate;182699.0;43089.0;4240.0;4240.0
571;Estimativas;202504;29;9999999;32;Amendoim (em casca);1896.5;991.0;1925.5;1925.5
572;Estimativas;202504;29;9999999;32;Laranja;631821.0;12636.0;50000.0;57500.0
573;Estimativas;202504;29;9999999;32;Castanha de caju;2925.0;195.0;15000.0;16000.0
574;Estimativas;202504;29;9999999;32;Sorgo (em grão);142980.0;1503.0;95150.0;95150.0
575;Estimativas;202504;29;9999999;32;Uva;60843.0;32554.0;1869.0;2069.0
576;Estimativas;202504;29;9999999;32;Café (em grão) Arábica;110160.0;1327.0;83000.0;83000.0
577;Estimativas;202504;29;9999999;32;Mamona (baga);31280.0;613.0;51000.0;51000.0
578;Estimativas;202504;29;9999999;32;Batata-inglesa;113372.33333333333;42782.0;2650.0;2650.0
579;Estimativas;202504;29;9999999;32;Trigo (em grão);34644.0;5774.0;6000.0;6000.0
580;Estimativas;202504;31;9999999;33;Algodão herbáceo (em caroço);184902.0;4275.0;43248.0;43248.0
581;Estimativas;202504;31;9999999;33;Arroz (em casca);143513.0;5980.0;23997.0;23997.0
582;Estimativas;202504;31;9999999;33;Banana (cacho);846537.0;16971.0;49882.0;49982.0
583;Estimativas;202504;31;9999999;33;Café (em grão) Canephora;23596.0;2434.0;9694.0;9694.0
584;Estimativas;202504;31;9999999;33;Cana-de-açúcar;84995701.0;75891.0;1119965.0;1119965.0
585;Estimativas;202504;31;9999999;33;Feijão (em grão);176491.0;1896.0;99618.33333333333;99618.33333333333
586;Estimativas;202504;31;9999999;33;Mandioca;551825.0;14135.0;39039.0;39039.0
587;Estimativas;202504;31;9999999;33;Milho (em grão);3404532.0;6086.5;547562.0;547562.0
588;Estimativas;202504;31;9999999;33;Soja (em grão);8857044.0;3783.0;2341359.0;2341359.0
589;Estimativas;202504;31;9999999;33;Tomate;557599.0;75270.0;7408.0;7408.0
590;Estimativas;202504;31;9999999;33;Amendoim (em casca);55639.0;3466.0;16051.0;16051.0
591;Estimativas;202504;31;9999999;33;Laranja;1091017.0;26355.0;41397.0;41397.0
592;Estimativas;202504;31;9999999;33;Sorgo (em grão);1093851.0;3307.0;330818.0;332248.0
593;Estimativas;202504;31;9999999;33;Uva;20342.0;15237.0;1335.0;1335.0
594;Estimativas;202504;31;9999999;33;Café (em grão) Arábica;1565185.0;1484.0;1054389.0;1054389.0
595;Estimativas;202504;31;9999999;33;Batata-inglesa;460516.0;36130.333333333336;12786.333333333334;12786.333333333334
596;Estimativas;202504;31;9999999;33;Trigo (em grão);443001.0;3118.0;142082.0;142082.0
597;Estimativas;202504;31;9999999;33;Aveia (em grão);8578.0;1401.0;6123.0;6623.0
598;Estimativas;202504;31;9999999;33;Girassol (em grão);10170.0;1732.0;5872.0;5872.0
599;Estimativas;202504;32;9999999;34;Arroz (em casca);351.0;3656.0;96.0;96.0
600;Estimativas;202504;32;9999999;34;Banana (cacho);420185.0;14440.0;29098.0;29098.0
601;Estimativas;202504;32;9999999;34;Cacau (em amêndoa);11451.0;725.0;15784.0;15784.0
602;Estimativas;202504;32;9999999;34;Café (em grão) Canephora;707016.0;2467.0;286613.0;286663.0
603;Estimativas;202504;32;9999999;34;Cana-de-açúcar;3151263.0;58967.0;53441.0;53441.0
604;Estimativas;202504;32;9999999;34;Feijão (em grão);3219.6666666666665;1148.0;3030.0;3033.3333333333335
605;Estimativas;202504;32;9999999;34;Mandioca;127835.0;16965.0;7535.0;7535.0
606;Estimativas;202504;32;9999999;34;Milho (em grão);28626.5;3891.0;8381.0;8391.0
607;Estimativas;202504;32;9999999;34;Tomate;147549.0;62627.0;2356.0;2356.0
608;Estimativas;202504;32;9999999;34;Amendoim (em casca);2.0;2000.0;1.0;1.0
609;Estimativas;202504;32;9999999;34;Laranja;22609.0;13183.0;1715.0;1715.0
610;Estimativas;202504;32;9999999;34;Uva;2720.0;16000.0;170.0;170.0
611;Estimativas;202504;32;9999999;34;Café (em grão) Arábica;172665.0;1247.0;138485.0;138585.0
612;Estimativas;202504;32;9999999;34;Batata-inglesa;3690.5;23854.5;156.0;156.0
613;Estimativas;202504;33;9999999;36;Arroz (em casca);837.0;2809.0;298.0;298.0
614;Estimativas;202504;33;9999999;36;Banana (cacho);77179.0;7475.0;10325.0;10799.0
615;Estimativas;202504;33;9999999;36;Cana-de-açúcar;2333097.0;44981.0;51869.0;51926.0
616;Estimativas;202504;33;9999999;36;Feijão (em grão);556.5;1180.5;439.0;439.0
617;Estimativas;202504;33;9999999;36;Mandioca;165716.0;14584.0;11363.0;12708.0
618;Estimativas;202504;33;9999999;36;Milho (em grão);5798.5;5836.5;1067.0;1067.0
619;Estimativas;202504;33;9999999;36;Soja (em grão);2675.0;3002.0;891.0;891.0
620;Estimativas;202504;33;9999999;36;Tomate;125818.0;67139.0;1874.0;1874.0
621;Estimativas;202504;33;9999999;36;Laranja;60340.0;13645.0;4422.0;4423.0
622;Estimativas;202504;33;9999999;36;Uva;123.0;2733.0;45.0;86.0
623;Estimativas;202504;33;9999999;36;Café (em grão) Arábica;19727.0;1684.0;11717.0;12275.0
624;Estimativas;202504;35;9999999;41;Algodão herbáceo (em caroço);33066.0;3795.0;8713.0;8713.0
625;Estimativas;202504;35;9999999;41;Arroz (em casca);60398.0;6558.0;9210.0;9210.0
626;Estimativas;202504;35;9999999;41;Banana (cacho);975896.0;22070.0;44219.0;44473.0
627;Estimativas;202504;35;9999999;41;Café (em grão) Canephora;156.0;1576.0;99.0;99.0
628;Estimativas;202504;35;9999999;41;Cana-de-açúcar;351809374.0;77095.0;4563323.0;4594142.0
629;Estimativas;202504;35;9999999;41;Feijão (em grão);66971.66666666667;2609.3333333333335;23748.0;23748.0
630;Estimativas;202504;35;9999999;41;Mandioca;1540777.0;23377.0;65910.0;66237.0
631;Estimativas;202504;35;9999999;41;Milho (em grão);2005900.0;5507.0;372400.0;373155.0
632;Estimativas;202504;35;9999999;41;Soja (em grão);5024607.0;3700.0;1358028.0;1360498.0
633;Estimativas;202504;35;9999999;41;Tomate;1077255.0;86596.0;12440.0;12440.0
634;Estimativas;202504;35;9999999;41;Amendoim (em casca);472849.5;3977.0;125624.5;125724.5
635;Estimativas;202504;35;9999999;41;Laranja;8719368.0;27997.0;311438.0;311504.0
636;Estimativas;202504;35;9999999;41;Sorgo (em grão);459997.0;3312.0;138900.0;138900.0
637;Estimativas;202504;35;9999999;41;Uva;138311.0;18397.0;7518.0;7519.0
638;Estimativas;202504;35;9999999;41;Café (em grão) Arábica;294038.0;1500.0;196025.0;199829.0
639;Estimativas;202504;35;9999999;41;Batata-inglesa;303934.6666666667;33524.333333333336;9048.0;9048.0
640;Estimativas;202504;35;9999999;41;Trigo (em grão);389800.0;3086.0;126300.0;126400.0
641;Estimativas;202504;35;9999999;41;Aveia (em grão);31651.0;2209.0;14328.0;14328.0
642;Estimativas;202504;35;9999999;41;Girassol (em grão);2252.0;2348.0;959.0;959.0
643;Estimativas;202504;35;9999999;41;Cevada (em grão);19638.0;5255.0;3737.0;3737.0
644;Estimativas;202504;35;9999999;41;Triticale (em grão);9525.0;2569.0;3708.0;3708.0
645;Estimativas;202504;41;9999999;42;Arroz (em casca);135600.0;6883.0;19700.0;19700.0
646;Estimativas;202504;41;9999999;42;Banana (cacho);173393.0;23119.0;7500.0;7500.0
647;Estimativas;202504;41;9999999;42;Cana-de-açúcar;36745100.0;72461.0;507100.0;507100.0
648;Estimativas;202504;41;9999999;42;Feijão (em grão);303466.6666666667;1652.0;166466.66666666666;166466.66666666666
649;Estimativas;202504;41;9999999;42;Mandioca;4277000.0;28250.0;151400.0;151400.0
650;Estimativas;202504;41;9999999;42;Milho (em grão);9566400.0;8418.0;1489700.0;1489700.0
651;Estimativas;202504;41;9999999;42;Soja (em grão);21316700.0;3648.0;5843900.0;5843900.0
652;Estimativas;202504;41;9999999;42;Tomate;266800.0;63524.0;4200.0;4200.0
653;Estimativas;202504;41;9999999;42;Amendoim (em casca);9200.0;3407.0;2700.0;2700.0
654;Estimativas;202504;41;9999999;42;Laranja;804330.0;35748.0;22500.0;22500.0
655;Estimativas;202504;41;9999999;42;Uva;56872.0;14218.0;4000.0;4000.0
656;Estimativas;202504;41;9999999;42;Café (em grão) Arábica;42600.0;1677.0;25400.0;25400.0
657;Estimativas;202504;41;9999999;42;Batata-inglesa;453650.0;31932.0;14050.0;14050.0
658;Estimativas;202504;41;9999999;42;Trigo (em grão);2853700.0;3218.0;886700.0;886700.0
659;Estimativas;202504;41;9999999;42;Aveia (em grão);231600.0;2451.0;94500.0;94500.0
660;Estimativas;202504;41;9999999;42;Girassol (em grão);0.0;0.0;0.0;0.0
661;Estimativas;202504;41;9999999;42;Cevada (em grão);413800.0;4374.0;94600.0;94600.0
662;Estimativas;202504;41;9999999;42;Triticale (em grão);19000.0;3393.0;5600.0;5600.0
663;Estimativas;202504;41;9999999;42;Centeio (em grão);4300.0;2389.0;1800.0;1800.0
664;Estimativas;202504;42;9999999;44;Arroz (em casca);1186943.0;8260.0;143695.0;143695.0
665;Estimativas;202504;42;9999999;44;Banana (cacho);738274.0;24922.0;29623.0;29813.0
666;Estimativas;202504;42;9999999;44;Cana-de-açúcar;173318.0;48946.0;3541.0;3541.0
667;Estimativas;202504;42;9999999;44;Feijão (em grão);61336.0;1894.5;31770.0;31770.0
668;Estimativas;202504;42;9999999;44;Mandioca;294490.0;20289.0;14515.0;14515.0
669;Estimativas;202504;42;9999999;44;Milho (em grão);1155069.0;7645.0;129666.5;129666.5
670;Estimativas;202504;42;9999999;44;Soja (em grão);3042042.0;3659.0;831354.0;831354.0
671;Estimativas;202504;42;9999999;44;Tomate;126242.0;64180.0;1967.0;1967.0
672;Estimativas;202504;42;9999999;44;Amendoim (em casca);10.0;2000.0;5.0;5.0
673;Estimativas;202504;42;9999999;44;Laranja;26937.0;16227.0;1660.0;1660.0
674;Estimativas;202504;42;9999999;44;Uva;57439.0;15395.0;3731.0;3731.0
675;Estimativas;202504;42;9999999;44;Batata-inglesa;81078.0;26525.5;2670.0;2670.0
676;Estimativas;202504;42;9999999;44;Trigo (em grão);363510.0;3318.0;109541.0;109541.0
677;Estimativas;202504;42;9999999;44;Aveia (em grão);49832.0;1626.0;30655.0;30655.0
678;Estimativas;202504;42;9999999;44;Cevada (em grão);1422.0;3742.0;380.0;380.0
679;Estimativas;202504;43;9999999;45;Arroz (em casca);8114714.0;8389.0;967302.0;967943.0
680;Estimativas;202504;43;9999999;45;Banana (cacho);149333.0;12193.0;12247.0;12391.0
681;Estimativas;202504;43;9999999;45;Cana-de-açúcar;471668.0;41487.0;11369.0;12678.0
682;Estimativas;202504;43;9999999;45;Feijão (em grão);41281.0;1615.5;24708.0;24853.5
683;Estimativas;202504;43;9999999;45;Mandioca;689761.0;16783.0;41098.0;49717.0
684;Estimativas;202504;43;9999999;45;Milho (em grão);5321681.0;7404.0;718724.0;719902.0
685;Estimativas;202504;43;9999999;45;Soja (em grão);14980432.0;2200.0;6808029.0;6814039.0
686;Estimativas;202504;43;9999999;45;Tomate;102133.0;53194.0;1920.0;1922.0
687;Estimativas;202504;43;9999999;45;Amendoim (em casca);2094.0;1767.0;1185.0;1185.0
688;Estimativas;202504;43;9999999;45;Laranja;342609.0;17102.0;20033.0;22372.0
689;Estimativas;202504;43;9999999;45;Sorgo (em grão);1219.0;3048.0;400.0;400.0
690;Estimativas;202504;43;9999999;45;Uva;958018.0;20126.0;47602.0;48269.0
691;Estimativas;202504;43;9999999;45;Batata-inglesa;267561.5;26755.0;9333.0;9335.5
692;Estimativas;202504;43;9999999;45;Trigo (em grão);3722494.0;2772.0;1343055.0;1343185.0
693;Estimativas;202504;43;9999999;45;Aveia (em grão);851050.0;2249.0;378490.0;378490.0
694;Estimativas;202504;43;9999999;45;Girassol (em grão);4859.0;1702.0;2855.0;2855.0
695;Estimativas;202504;43;9999999;45;Cevada (em grão);109730.0;3120.0;35165.0;35165.0
696;Estimativas;202504;43;9999999;45;Triticale (em grão);14355.0;2669.0;5379.0;5379.0
697;Estimativas;202504;43;9999999;45;Centeio (em grão);1908.0;1435.0;1330.0;1330.0
698;Estimativas;202504;50;9999999;55;Algodão herbáceo (em caroço);158500.0;5000.0;31700.0;31700.0
699;Estimativas;202504;50;9999999;55;Arroz (em casca);80914.0;6810.0;11882.0;11882.0
700;Estimativas;202504;50;9999999;55;Banana (cacho);14682.0;8134.0;1805.0;1805.0
701;Estimativas;202504;50;9999999;55;Cana-de-açúcar;52496839.0;78061.0;672508.0;672508.0
702;Estimativas;202504;50;9999999;55;Feijão (em grão);5850.0;1623.3333333333333;4807.666666666667;4807.666666666667
703;Estimativas;202504;50;9999999;55;Mandioca;1359876.0;22461.0;60545.0;60549.0
704;Estimativas;202504;50;9999999;55;Milho (em grão);5445558.0;7164.5;1105892.5;1105892.5
705;Estimativas;202504;50;9999999;55;Soja (em grão);13356000.0;3180.0;4200000.0;4200000.0
706;Estimativas;202504;50;9999999;55;Tomate;1659.0;36065.0;46.0;46.0
707;Estimativas;202504;50;9999999;55;Amendoim (em casca);58656.0;3444.0;17752.5;17752.5
708;Estimativas;202504;50;9999999;55;Laranja;34500.0;23695.0;1456.0;1456.0
709;Estimativas;202504;50;9999999;55;Sorgo (em grão);233924.0;2945.0;79433.0;79433.0
710;Estimativas;202504;50;9999999;55;Uva;80.0;5714.0;14.0;14.0
711;Estimativas;202504;50;9999999;55;Café (em grão) Arábica;207.0;1310.0;158.0;158.0
712;Estimativas;202504;50;9999999;55;Trigo (em grão);92723.0;2009.0;46163.0;46163.0
713;Estimativas;202504;50;9999999;55;Aveia (em grão);22194.0;1123.0;19756.0;19756.0
714;Estimativas;202504;51;9999999;52;Algodão herbáceo (em caroço);6456316.0;4229.0;1526644.0;1526644.0
715;Estimativas;202504;51;9999999;52;Arroz (em casca);561301.0;3625.0;154842.0;154842.0
716;Estimativas;202504;51;9999999;52;Banana (cacho);86222.0;11914.0;7237.0;7247.0
717;Estimativas;202504;51;9999999;52;Cacau (em amêndoa);154.0;672.0;229.0;229.0
718;Estimativas;202504;51;9999999;52;Café (em grão) Canephora;10254.0;1024.0;10012.0;10012.0
719;Estimativas;202504;51;9999999;52;Cana-de-açúcar;21399382.0;83591.0;256002.0;256200.0
720;Estimativas;202504;51;9999999;52;Feijão (em grão);94441.33333333333;1684.3333333333333;59196.333333333336;59196.333333333336
721;Estimativas;202504;51;9999999;52;Mandioca;209334.0;14454.0;14483.0;14489.0
722;Estimativas;202504;51;9999999;52;Milho (em grão);23724066.5;6051.0;3648328.5;3648328.5
723;Estimativas;202504;51;9999999;52;Soja (em grão);48771277.0;3833.0;12722496.0;12722496.0
724;Estimativas;202504;51;9999999;52;Tomate;3395.0;20957.0;162.0;162.0
725;Estimativas;202504;51;9999999;52;Amendoim (em casca);11024.5;3480.5;2910.5;2910.5
726;Estimativas;202504;51;9999999;52;Laranja;5306.0;12426.0;427.0;427.0
727;Estimativas;202504;51;9999999;52;Castanha de caju;88.0;587.0;150.0;150.0
728;Estimativas;202504;51;9999999;52;Sorgo (em grão);230916.0;2872.0;80400.0;80400.0
729;Estimativas;202504;51;9999999;52;Uva;172.0;7818.0;22.0;22.0
730;Estimativas;202504;51;9999999;52;Café (em grão) Arábica;35.0;1750.0;20.0;26.0
731;Estimativas;202504;51;9999999;52;Mamona (baga);1814.0;991.0;1830.0;1830.0
732;Estimativas;202504;51;9999999;52;Girassol (em grão);1500.0;1500.0;1000.0;1000.0
733;Estimativas;202504;52;9999999;53;Algodão herbáceo (em caroço);134236.0;4179.0;32122.0;32122.0
734;Estimativas;202504;52;9999999;53;Arroz (em casca);133449.0;4803.0;27787.0;27787.0
735;Estimativas;202504;52;9999999;53;Banana (cacho);166908.0;14026.0;11900.0;11910.0
736;Estimativas;202504;52;9999999;53;Cana-de-açúcar;83177294.0;81057.0;1026155.0;1042144.0
737;Estimativas;202504;52;9999999;53;Feijão (em grão);124057.33333333333;2425.0;46097.666666666664;46097.666666666664
738;Estimativas;202504;52;9999999;53;Mandioca;195725.0;16227.0;12062.0;12387.0
739;Estimativas;202504;52;9999999;53;Milho (em grão);8079250.0;7757.0;1177036.0;1177036.0
740;Estimativas;202504;52;9999999;53;Soja (em grão);19921941.0;3942.0;5053506.0;5053506.0
741;Estimativas;202504;52;9999999;53;Tomate;1710459.0;88041.0;19428.0;19428.0
742;Estimativas;202504;52;9999999;53;Laranja;185624.0;22273.0;8334.0;8364.0
743;Estimativas;202504;52;9999999;53;Sorgo (em grão);1561140.0;3283.0;475510.0;475510.0
744;Estimativas;202504;52;9999999;53;Uva;3517.0;18414.0;191.0;191.0
745;Estimativas;202504;52;9999999;53;Café (em grão) Arábica;15419.0;2453.0;6286.0;6286.0
746;Estimativas;202504;52;9999999;53;Batata-inglesa;89133.0;37443.0;2176.6666666666665;2176.6666666666665
747;Estimativas;202504;52;9999999;53;Trigo (em grão);143562.0;4545.0;31590.0;31590.0
748;Estimativas;202504;52;9999999;53;Girassol (em grão);73266.0;1609.0;45541.0;45541.0
749;Estimativas;202504;53;9999999;54;Banana (cacho);6038.0;19353.0;312.0;312.0
750;Estimativas;202504;53;9999999;54;Cana-de-açúcar;17378.0;84771.0;205.0;205.0
751;Estimativas;202504;53;9999999;54;Feijão (em grão);16344.333333333334;2293.3333333333335;6033.333333333333;6033.333333333333
752;Estimativas;202504;53;9999999;54;Mandioca;17867.0;20234.0;883.0;883.0
753;Estimativas;202504;53;9999999;54;Milho (em grão);193488.0;7880.0;27500.0;27500.0
754;Estimativas;202504;53;9999999;54;Soja (em grão);323640.0;3720.0;87000.0;87000.0
755;Estimativas;202504;53;9999999;54;Tomate;27708.0;79166.0;350.0;350.0
756;Estimativas;202504;53;9999999;54;Laranja;1608.0;24000.0;67.0;67.0
757;Estimativas;202504;53;9999999;54;Sorgo (em grão);113400.0;4200.0;27000.0;27000.0
758;Estimativas;202504;53;9999999;54;Uva;1302.0;22842.0;57.0;57.0
759;Estimativas;202504;53;9999999;54;Café (em grão) Arábica;1016.0;2436.0;417.0;417.0
760;Estimativas;202504;53;9999999;54;Batata-inglesa;4208.0;42080.0;100.0;100.0
761;Estimativas;202504;53;9999999;54;Trigo (em grão);15150.0;3788.0;4000.0;4000.0
762;Estimativas;202504;53;9999999;54;Girassol (em grão);1260.0;1800.0;700.0;700.0
